motif	search.region	category	Length, log10	Sequences, log10	RNAphylo, log10	hmmpair, log10	Avgerage SI %	Paired positions %	Alignment power %	Covarying bps %
K00008_upstream.h1_2	has CMsearch ref	High covariation	1.7160033436347992	1.230448921378274	1.5510838651857803	0	52.12	70.58823529411765	21.666666666666668	27.77777777777778
K00012_upstream.h1_3	has CMsearch ref	High power (low covariation)	1.6901960800285136	1.146128035678238	0.888179493918325	0.3504534840763774	53.78	75	16.11111111111111	11.11111111111111
K00031_upstream.h2_3.h2_5	has CMsearch ref	High power (low covariation)	2.089905111439398	1.6020599913279625	0.9289076902439528	7.542128196562185e-5	74.7	18.0327868852459	10.909090909090908	9.090909090909092
K00031_upstream.h2_4	w/o ref	Conserved sequence (low covariation and power)	1.8388490907372552	1.3424226808222062	1.0056094453602804	0.27873051415884703	77.37	61.76470588235294	4.761904761904762	0
K00036_upstream.h1_1	w/o ref	High covariation	1.7323937598229686	1.2787536009528289	1.6874397745458942	0.6586437651455104	50.22	64.15094339622641	20.588235294117645	35.294117647058826
K00075_upstream.h2_1	w/o ref	High covariation	1.845098040014257	1.5314789170422551	1.6287974855667102	0.4729961955719194	58.81	20.28985507246377	14.285714285714285	14.285714285714285
K00133_upstream.h2_2	w/o ref	High covariation	1.845098040014257	1.3617278360175928	1.3040594662175993	0	66.78	34.78260869565217	14.166666666666666	16.666666666666664
K00133_upstream.h2_1	w/o ref	Conserved sequence (low covariation and power)	1.7160033436347992	1.3010299956639813	0.9845273133437926	0.13540396089443207	86.06	43.13725490196079	2.727272727272727	0
K00133_upstream.h1_3	w/o ref	Conserved sequence (low covariation and power)	1.7075701760979365	1.6334684555795866	1.332034277027518	0	66.18	20	2	0
K00133_upstream.h2_5	w/o ref	Conserved sequence (low covariation and power)	1.8976270912904416	1.3010299956639813	1.1696744340588068	0.1742639624963486	85.61	41.02564102564102	3.125	0
K00145_upstream.h1_5.h2_4.h2_1.h1_1	w/o ref	Conserved sequence (low covariation and power)	2.2355284469075487	1.462397997898956	2.0775495804517936	5.757055378409446e-4	85.3	32.748538011695906	5	0
K00147_upstream.h1_1	w/o ref	High covariation	1.5314789170422551	0.9030899869919436	1.4367985102318035	0.49757783963023133	57.96	54.54545454545454	5.555555555555555	22.22222222222222
K00215_upstream.h1_5.h2_5	has CMsearch ref	Conserved sequence (low covariation and power)	1.8325089127062364	1.4913616938342726	0.8444771757456815	0	88.67	32.83582089552239	1.8181818181818183	0
K00215_upstream.h1_2.h2_1	has CMsearch ref	High power (low covariation)	1.7242758696007892	1.7323937598229686	1.0437551269686796	0	77.87	50	18.46153846153846	0
K00215_upstream.h1_4.h2_2.h2_3	has CMsearch ref	Conserved sequence (low covariation and power)	2.113943352306837	1.6989700043360187	1.4369573306694496	0	74.12	31.007751937984494	9	0
K00228_upstream.h2_2	w/o ref	Conserved sequence (low covariation and power)	1.9867717342662448	1.2787536009528289	1.388633969351789	0.38377229331743057	89.04	45.83333333333333	1.3636363636363635	0
K00228_upstream.h1_1.h1_4	w/o ref	Conserved sequence (low covariation and power)	1.9242792860618816	1.2787536009528289	1.5094713521025485	0.01182557479642807	85.49	26.506024096385545	0.9090909090909092	0
K00228_upstream.h1_2	has CMsearch ref	High power (low covariation)	1.4913616938342726	1.4771212547196624	1.2024883170600935	0.27703428179589074	63.83	80	17.5	16.666666666666664
K00259_upstream.h2_1	has CMsearch ref	Conserved sequence (low covariation and power)	1.7993405494535817	1.6720978579357175	1.1550322287909702	0	76.33	19.35483870967742	6.666666666666667	0
K00297_upstream.h2_1	w/o ref	High power (low covariation)	2.0253058652647704	1.792391689498254	0.8893017025063104	0.01904056283598317	72.03	22.857142857142858	14.166666666666666	0
K00297_upstream.h1_1.h1_3	w/o ref	High power (low covariation)	1.8750612633917	1.7853298350107671	1.0726174765452363	0.03136850732124203	73.2	29.72972972972973	10	0
K00311_upstream.h1_3.h1_4	w/o ref	High power (low covariation)	1.8195439355418688	1.505149978319906	0.9439888750737718	0	76.44	40	13.846153846153848	0
K00324_upstream.h2_1	w/o ref	Conserved sequence (low covariation and power)	1.8976270912904416	1.7160033436347992	1.285107029566812	0	78.89	35.8974358974359	2.857142857142857	0
K00324_upstream.h1_5	w/o ref	Conserved sequence (low covariation and power)	1.6127838567197357	1.6434526764861874	1.0629578340845105	0	78.82	40	8.75	0
K00436_upstream.h1_4.h2_2	w/o ref	High power (low covariation)	2.1335389083702174	1.740362689494244	2.026737494238748	0.18608631086839444	57.74	19.25925925925926	16.923076923076923	7.6923076923076925
K00436_upstream.h2_1	w/o ref	Conserved sequence (low covariation and power)	1.8129133566428557	1.7781512503836436	1.1687920203141815	0	60.07	12.5	7.5	0
K00688_upstream.h2_2	has CMsearch ref	Conserved sequence (low covariation and power)	1.8388490907372552	1.6434526764861874	1.327563260187278	0	74.12	23.52941176470588	8.75	0
K00748_upstream.h1_1.h2_1	has CMsearch ref	High covariation	2.0492180226701815	1.414973347970818	1.1556396337597763	0.2404508969022416	60.57	25.225225225225223	7.857142857142859	14.285714285714285
K00772_upstream.h1_5	w/o ref	Conserved sequence (low covariation and power)	1.740362689494244	1.3617278360175928	0.9680157139936416	0.1912654075396238	81.99	55.55555555555556	4.666666666666666	0
K00790_upstream.h2_4.h2_5	has CMsearch ref	Conserved sequence (low covariation and power)	2.096910013008056	1.380211241711606	1.389343311252078	0	84.75	25.806451612903224	5.625	6.25
K00791_upstream.h1_4	w/o ref	Conserved sequence (low covariation and power)	1.5563025007672873	2.012837224705172	1.698622429702098	0	71.79	51.42857142857142	7.777777777777778	0
K00791_upstream.h2_4	w/o ref	Conserved sequence (low covariation and power)	1.9542425094393248	1.4913616938342726	1.3622939379642311	0.23082812478302217	86.95	44.9438202247191	3.4999999999999996	0
K00793_upstream.h2_1.h2_3	w/o ref	Conserved sequence (low covariation and power)	2.0170333392987803	1.3617278360175928	1.426673888021373	0.4529328090839107	86.75	48.54368932038835	4.4	0
K00793_upstream.h2_2.h2_5	w/o ref	Conserved sequence (low covariation and power)	2.0253058652647704	1.4313637641589874	0.7543483357110189	2.6620654119800503e-5	88.92	28.57142857142857	4.666666666666666	0
K00793_upstream.h2_4	w/o ref	High power (low covariation)	1.9590413923210936	1.505149978319906	0.7218106152125465	0.03897107153920471	80.6	33.33333333333333	12.000000000000002	0
K00793_upstream.h1_1	has CMsearch ref	Conserved sequence (low covariation and power)	1.5314789170422551	1.9731278535996983	1.0542299098633974	0	71.18	30.303030303030305	6	0
K00820_upstream.h1_1	w/o ref	Conserved sequence (low covariation and power)	1.5314789170422551	1.414973347970818	1.1705550585212086	0.20431211545791889	86.03	72.72727272727273	2.5	8.333333333333332
K00940_upstream.h2_2.h2_5	w/o ref	Conserved sequence (low covariation and power)	2.0293837776852097	1.6232492903979006	1.1119342763326816	0.03872663647316745	62.79	9.433962264150944	4	0
K00940_upstream.h1_4.h2_1	w/o ref	High covariation	1.9344984512435677	1.5563025007672873	0.9809119377768436	0	68.64	14.117647058823527	6.666666666666667	16.666666666666664
K00981_upstream.h1_4	has CMsearch ref	High covariation	1.7781512503836436	1.2787536009528289	1.9997827984541356	0	49.16	57.6271186440678	20	41.17647058823529
K00981_upstream.h1_1	w/o ref	High covariation	1.505149978319906	1.2041199826559248	1.5954962218255742	0.4758367406155865	68.37	70.96774193548387	7.272727272727273	27.27272727272727
K01000_upstream.h1_1.h1_3	has CMsearch ref	Conserved sequence (low covariation and power)	2.004321373782642	1.3979400086720375	0.9978230807457256	0.28754577895952343	89.65	38	2.631578947368421	0
K01056_upstream.h1_1	has CMsearch ref	High covariation	1.57978359661681	1.414973347970818	1.0265332645232967	0.34443157457486223	82.02	37.83783783783784	2.857142857142857	14.285714285714285
K01071_upstream.h1_1	w/o ref	High covariation	1.5563025007672873	1.0791812460476249	1.6195107208384985	0.4000403811213189	50.74	57.14285714285714	18	60
K01082_upstream.h1_5	w/o ref	Conserved sequence (low covariation and power)	1.6334684555795866	1.7481880270062005	1.1789769472931697	0	73.05	38.095238095238095	3.75	0
K01159_upstream.h1_3	has CMsearch ref	Conserved sequence (low covariation and power)	1.5563025007672873	1.4471580313422192	0.8061799739838872	0.26604062155365316	80.19	34.285714285714285	10	0
K01191_upstream.h1_4	w/o ref	High covariation	1.6434526764861874	1.7558748556724917	1.3316297176299323	0.01991722995605044	71.75	13.953488372093023	33.33333333333333	66.66666666666666
K01251_upstream.h1_4	has CMsearch ref	Conserved sequence (low covariation and power)	1.6812412373755872	1.3979400086720375	1.132579847659737	0.2597219028318058	84.56	51.06382978723404	4.166666666666666	8.333333333333332
K01265_upstream.h2_1	w/o ref	Conserved sequence (low covariation and power)	1.863322860120456	1.4471580313422192	1.54282542695918	0	83.78	41.66666666666667	1.3333333333333337	0
K01347_upstream.h2_4	w/o ref	High power (low covariation)	1.9493900066449128	1.4913616938342726	1.7432745235119331	0.11011509374633024	61.68	43.18181818181818	25.789473684210527	10.526315789473683
K01356_upstream.h1_5	has CMsearch ref	Conserved sequence (low covariation and power)	1.7323937598229686	2.0086001717619175	1.498172660636544	0	60.07	11.320754716981131	0	0
K01424_upstream.h1_1	has CMsearch ref	High covariation	1.9084850188786495	1.5440680443502757	1.5563025007672873	0.01644104232288698	58.97	27.500000000000004	19.090909090909093	36.36363636363637
K01437_upstream.h1_4.h2_1.h1_2	has CMsearch ref	High power (low covariation)	1.9542425094393248	1.7634279935629371	1.571009672309305	1.7455086514416916e-4	63.27	15.730337078651685	12.85714285714286	0
K01465_upstream.h2_1	has CMsearch ref	Conserved sequence (low covariation and power)	1.845098040014257	1.4771212547196624	1.1112625136590653	0.05718095960027937	83.87	23.18840579710145	1.25	0
K01524_upstream.h1_2	w/o ref	High power (low covariation)	1.6434526764861874	1.7242758696007892	1.5493711523331772	0	61.9	41.86046511627907	25.555555555555554	0
K01537_upstream.h2_3	has CMsearch ref	High covariation	1.869231719730976	1.57978359661681	1.800648355363988	0	50.24	13.6986301369863	34	60
K01579_upstream.h1_3	has CMsearch ref	High covariation	1.6989700043360187	1.3424226808222062	1.4825877695267675	0.49032936872193345	51.02	36.734693877551024	25.555555555555554	33.33333333333333
K01624_upstream.h1_2	w/o ref	Conserved sequence (low covariation and power)	1.5563025007672873	1.2041199826559248	1.1911714557285586	0	85.02	28.57142857142857	0	0
K01626_upstream.h2_1.h2_3	w/o ref	Conserved sequence (low covariation and power)	2.1072099696478683	1.414973347970818	1.440121603187804	9.345509291262094e-4	94.94	48.818897637795274	0.3225806451612903	0
K01626_upstream.h1_5.h2_4	w/o ref	High covariation	2.089905111439398	1.5314789170422551	1.0437551269686796	0	80.67	16.39344262295082	2	10
K01649_upstream.h1_3	w/o ref	Conserved sequence (low covariation and power)	1.6720978579357175	1.0791812460476249	1.6694098672877826	0	85.02	56.52173913043478	0	0
K01649_upstream.h2_2	has CMsearch ref	Conserved sequence (low covariation and power)	1.968482948553935	1.1760912590556811	1.833784374656479	0.10164639116646527	67.53	34.78260869565217	3.125	6.25
K01652_upstream.h1_1	has CMsearch ref	High covariation	1.5185139398778875	1.7634279935629371	1.7880976333802974	0	54.15	18.75	36.66666666666667	66.66666666666666
K01652_upstream.h1_2	w/o ref	High covariation	1.6532125137753435	1.380211241711606	1.9986080293150943	0.32026263650971853	52.66	68.18181818181817	24.000000000000004	26.666666666666668
K01698_upstream.h1_2	w/o ref	Conserved sequence (low covariation and power)	1.57978359661681	1.230448921378274	0.9405164849325672	4.227611613367553e-13	84.66	59.45945945945946	5.454545454545454	0
K01698_upstream.h2_2	w/o ref	Conserved sequence (low covariation and power)	1.863322860120456	1.4313637641589874	0.6875289612146344	0	88.4	41.66666666666667	7.333333333333333	0
K01698_upstream.h1_1	has CMsearch ref	High covariation	1.6127838567197357	1	1.2494429614425822	0.5155480006438216	67.08	70	4.285714285714286	21.428571428571427
K01737_upstream.h1_4	w/o ref	High covariation	1.6232492903979006	1.505149978319906	1.3402457615679315	0.20687307938844235	73.08	39.02439024390244	3.75	37.5
K01738_upstream.h2_1	has CMsearch ref	Conserved sequence (low covariation and power)	1.7853298350107671	1.4913616938342726	1.0948203803547998	0	78.81	20	5	0
K01754_upstream.h1_5	w/o ref	High power (low covariation)	1.6020599913279625	1.7481880270062005	1.2314695904306814	0	76.94	41.02564102564102	18.75	0
K01835_upstream.h2_2	w/o ref	Conserved sequence (low covariation and power)	1.8750612633917	1.3979400086720375	0.7209857441537391	0.23724430350064848	83.76	32.432432432432435	4.166666666666666	0
K01867_upstream.h1_2.h1_4	w/o ref	Conserved sequence (low covariation and power)	1.863322860120456	1.3424226808222062	1.3490831687795903	0.04175418352380774	84.58	22.22222222222222	1.25	0
K01867_upstream.h2_1.h2_2	w/o ref	Conserved sequence (low covariation and power)	1.8195439355418688	1.3617278360175928	1.218535505216528	0.00340890486955518	80.69	27.692307692307693	3.3333333333333335	0
K01872_upstream.h2_3	w/o ref	Conserved sequence (low covariation and power)	1.806179973983887	1.3617278360175928	1.1795517911651876	0.15103319520961703	85.28	50.79365079365079	1.25	6.25
K01895_upstream.h1_5.h2_1	w/o ref	High covariation	1.944482672150169	1.5314789170422551	1.608739919068788	0.01339394526678517	70.48	9.195402298850574	5	25
K01924_upstream.h1_4	w/o ref	Conserved sequence (low covariation and power)	1.7323937598229686	1.3617278360175928	1.136720567156407	0.00605641426198751	88.36	56.60377358490566	2.666666666666667	0
K01951_upstream.h1_3	has CMsearch ref	Conserved sequence (low covariation and power)	1.6720978579357175	1.4313637641589874	1.256717745977487	0	82.03	21.73913043478261	0	0
K02014_upstream.h1_4	has CMsearch ref	High covariation	1.6334684555795866	1.8325089127062364	1.90151280912994	0	45.8	47.61904761904761	62	80
K02033_upstream.h1_3	has CMsearch ref	High covariation	1.7781512503836436	1.9493900066449128	1.17868923977559	0	47.13	3.389830508474576	60	100
K02078_upstream.h1_1	has CMsearch ref	High power (low covariation)	1.57978359661681	1.7853298350107671	0.9258275746247424	0	79.37	43.24324324324324	10	0
K02094_upstream.h1_1	w/o ref	Conserved sequence (low covariation and power)	1.5185139398778875	1.4771212547196624	1.6442415858437287	0.2203374709828642	79.75	75	1.6666666666666667	0
K02094_upstream.h1_2.h1_4	w/o ref	High power (low covariation)	2.004321373782642	2.0492180226701815	2.156639998415452	0.7235451488257525	58.34	52	61.15384615384616	38.46153846153847
K02097_upstream.h2_1.h2_4	w/o ref	High power (low covariation)	1.8920946026904804	1.919078092376074	0.8401060944567578	0	69.29	18.181818181818183	18.571428571428573	0
K02097_upstream.h1_2	w/o ref	High power (low covariation)	1.662757831681574	1.806179973983887	0.7143297597452329	0	70.57	22.22222222222222	27.999999999999996	0
K02097_upstream.h1_3	w/o ref	Conserved sequence (low covariation and power)	1.6020599913279625	1.4471580313422192	1.2479732663618066	0	78.02	46.15384615384615	0	0
K02217_upstream.h1_5.h2_2	w/o ref	Conserved sequence (low covariation and power)	2	1.505149978319906	1.6186755388851397	1.4488582653984572e-7	80.28	18.181818181818183	0	0
K02221_upstream.h2_1	has CMsearch ref	Conserved sequence (low covariation and power)	1.9242792860618816	1.7634279935629371	1.2301933788690456	0	76.02	12.048192771084338	0	0
K02233_upstream.h1_2	w/o ref	Conserved sequence (low covariation and power)	1.5314789170422551	1.6812412373755872	0.8082109729242221	0	71.73	18.181818181818183	0	0
K02257_upstream.h1_2	has CMsearch ref	Conserved sequence (low covariation and power)	1.7242758696007892	1.0791812460476249	1.3554515201265174	0.2954489997862175	66.17	57.692307692307686	2.666666666666667	6.666666666666667
K02257_upstream.h1_1	has CMsearch ref	High covariation	1.591064607026499	1	1.0141003215196205	0.2428593307606737	75.92	63.1578947368421	3.3333333333333335	25
K02316_upstream.h2_3	w/o ref	High power (low covariation)	1.9084850188786495	1.740362689494244	1.4189638307036223	0	62.44	35	21.428571428571427	7.142857142857142
K02340_upstream.h2_1	w/o ref	Conserved sequence (low covariation and power)	1.57978359661681	1.6812412373755872	0.8864907251724818	0	71.01	27.027027027027028	0	0
K02340_upstream.h2_3	w/o ref	High power (low covariation)	1.8325089127062364	1.7558748556724917	1.0930713063760635	0	64.88	11.940298507462686	12.5	0
K02355_upstream.h1_5.h2_1	has CMsearch ref	Conserved sequence (low covariation and power)	1.8325089127062364	1.6720978579357175	1.316599302093861	0	75.67	26.86567164179105	8.88888888888889	0
K02355_upstream.h1_1	w/o ref	High covariation	1.591064607026499	1.414973347970818	1.6797003808719642	0.6043632339020779	74.08	68.42105263157895	9.23076923076923	30.76923076923077
K02469_upstream.h1_4.h2_1	w/o ref	High covariation	1.792391689498254	1.5185139398778875	1.2299376859079338	0	77.67	19.672131147540984	5	16.666666666666664
K02470_upstream.h1_5.h2_4.h2_1.h2_2	w/o ref	Conserved sequence (low covariation and power)	2.173186268412274	1.4771212547196624	1.6324572921847242	0.4779571903950991	86.46	37.83783783783784	3.571428571428571	0
K02470_upstream.h1_1	w/o ref	High covariation	1.505149978319906	1.380211241711606	1.1583624920952498	0.29302714546477493	87.95	58.06451612903226	1.1111111111111112	11.11111111111111
K02495_upstream.h1_3	has CMsearch ref	High covariation	1.5563025007672873	0.9542425094393248	1.3763944420372662	0.5440816933909374	58.03	40	1.4285714285714286	28.57142857142857
K02495_upstream.h1_2	has CMsearch ref	High covariation	1.6812412373755872	1.2041199826559248	1.7459331584594429	0.44227903786780653	56.04	72.3404255319149	13.529411764705882	52.94117647058824
K02548_upstream.h1_4.h2_4	has CMsearch ref	High covariation	1.9590413923210936	1.6434526764861874	1.9292145037373936	0	63.22	8.88888888888889	22.5	50
K02548_upstream.h1_1.h2_3.h1_2	w/o ref	Conserved sequence (low covariation and power)	1.9731278535996983	1.3617278360175928	1.6587743208443568	0.0767412698292727	90.26	36.55913978494624	0.5882352941176471	0
K02548_upstream.h1_5.h2_2	w/o ref	High covariation	1.99563519459755	1.3617278360175928	1.2430380486862944	5.409198683111199e-4	83.65	20.40816326530612	3	10
K02588_upstream.h2_1	w/o ref	High power (low covariation)	1.9731278535996983	1.792391689498254	1.7628285531890904	3.783721023806979e-8	50.47	38.70967741935484	47.77777777777777	44.44444444444444
K02588_upstream.h1_1	w/o ref	High covariation	1.568201724066995	1.6989700043360187	1.4448251995097476	0.40347913807862024	75.19	61.111111111111114	14.545454545454549	27.27272727272727
K02591_upstream.h1_1.h2_1.h1_4	w/o ref	High covariation	1.99563519459755	1.462397997898956	2.111094410509336	0	58.38	59.18367346938776	13.448275862068964	13.79310344827586
K02636_upstream.h1_2	has CMsearch ref	High power (low covariation)	1.6812412373755872	1.505149978319906	1.1586639808139894	0.3006724241445034	70.23	51.06382978723404	13.333333333333334	0
K02704_upstream.h2_2	w/o ref	High covariation	1.7242758696007892	1.6127838567197357	1.1598678470925663	0	69.4	30.76923076923077	6.25	25
K02705_upstream.h1_5	has CMsearch ref	High covariation	1.6020599913279625	1.4771212547196624	1.5116160205691378	0.02158626955091899	58.76	46.15384615384615	18.88888888888889	22.22222222222222
K02707_upstream.h1_1	w/o ref	Conserved sequence (low covariation and power)	1.5563025007672873	1.4313637641589874	0.9344984512435676	0	85.29	68.57142857142857	0.8333333333333334	8.333333333333332
K02716_upstream.h1_3	has CMsearch ref	Conserved sequence (low covariation and power)	1.568201724066995	1.230448921378274	1.1095785469043866	0.1782918901413406	83.13	66.66666666666666	0.8333333333333334	8.333333333333332
K02716_upstream.h1_5	w/o ref	Conserved sequence (low covariation and power)	1.8260748027008264	1.2041199826559248	0.8369567370595504	0.08829382417028961	79.45	36.36363636363637	0.8333333333333334	8.333333333333332
K02717_upstream.h1_5.h2_1.h2_2.h2_4.h1_4	w/o ref	Conserved sequence (low covariation and power)	2.406540180433955	1.7708520116421442	1.041392685158225	0.28891022747911344	66.11	17.322834645669293	6.363636363636363	0
K02717_upstream.h2_3	w/o ref	Conserved sequence (low covariation and power)	1.591064607026499	1.6812412373755872	1.0178677189635057	0	73.7	21.052631578947366	0	0
K02717_upstream.h1_3	w/o ref	High power (low covariation)	1.5185139398778875	1.6334684555795866	1.339650157613684	0	76.85	50	15	0
K02834_upstream.h2_3	w/o ref	High power (low covariation)	2.041392685158225	1.6812412373755872	0.967547976218862	0	62.78	14.678899082568808	10	0
K02834_upstream.h1_3	w/o ref	Conserved sequence (low covariation and power)	1.505149978319906	1.6127838567197357	0.8893017025063104	0	70.54	32.25806451612903	0	0
K02836_upstream.h1_1	has CMsearch ref	High covariation	1.6127838567197357	1.7481880270062005	1.1099158630237933	0.3008314777209456	81.48	45	7.777777777777778	11.11111111111111
K02836_upstream.h2_2.h2_3	w/o ref	High covariation	2.161368002234975	1.4771212547196624	0.7708520116421442	0.13827964046534147	77.24	19.444444444444446	7.857142857142859	14.285714285714285
K02836_upstream.h2_4	w/o ref	High power (low covariation)	1.8260748027008264	1.6720978579357175	0.8419848045901139	0	61.57	15.151515151515152	10	0
K02836_upstream.h1_4.h2_1	w/o ref	Conserved sequence (low covariation and power)	2.0170333392987803	1.6127838567197357	1.227115082589125	0	67.84	25.24271844660194	3.076923076923077	0
K02836_upstream.h1_3	w/o ref	Conserved sequence (low covariation and power)	1.6334684555795866	1.5185139398778875	1.0060379549973173	0	77.12	23.809523809523807	0	0
K02851_upstream.h2_1	has CMsearch ref	Conserved sequence (low covariation and power)	1.9912260756924949	1.568201724066995	2.1331555381979905	0	63.1	18.556701030927837	0	0
K02863_upstream.h1_1.h1_3	w/o ref	High covariation	1.792391689498254	2.257678574869185	2.1974184075100185	0.2974996372861429	60.89	29.50819672131147	35.55555555555556	55.55555555555556
K02878_upstream.h1_1	w/o ref	High covariation	1.6434526764861874	1.4913616938342726	1.3763944420372662	0	62.24	46.51162790697674	19	40
K02888_upstream.h1_4.h2_2	w/o ref	High covariation	2.0253058652647704	1.7558748556724917	2.0790364570874895	0.6069818671248375	61.54	32.38095238095238	22.941176470588236	41.17647058823529
K02888_upstream.h2_4	w/o ref	High power (low covariation)	1.9242792860618816	1.505149978319906	0.921686475483602	0	83.55	60.24096385542169	11.2	0
K02906_upstream.h2_2	has CMsearch ref	High covariation	1.7160033436347992	2.093421685162235	2.1712289967250515	0.5695705267534995	57.87	43.13725490196079	47.27272727272727	54.54545454545454
K02906_upstream.h2_5	has CMsearch ref	High covariation	1.7160033436347992	2.184691430817599	2.4836300824949524	0.5322561192539957	51.74	62.74509803921568	61.25000000000001	62.5
K02906_upstream.h2_1	w/o ref	High covariation	1.944482672150169	1.7481880270062005	2.1608585306799917	1.0664302926101952	59.91	62.06896551724138	26.666666666666668	48.148148148148145
K02906_upstream.h1_2	w/o ref	High covariation	1.6720978579357175	1.7075701760979365	1.7190825739014861	0.5245843405045223	70.73	69.56521739130434	21.25	37.5
K02906_upstream.h1_5	w/o ref	Conserved sequence (low covariation and power)	1.806179973983887	1.3979400086720375	0.9474337218870508	0.09087959104377226	84.57	66.66666666666666	1.9047619047619049	0
K02906_upstream.h1_3	has CMsearch ref	Conserved sequence (low covariation and power)	1.6020599913279625	1.4913616938342726	1.3304137733491908	0.538613944397311	81.65	71.7948717948718	3.571428571428571	7.142857142857142
K02931_upstream.h1_1	has CMsearch ref	High covariation	1.568201724066995	2.143014800254095	1.754271868683459	0.4753108213572197	68.65	44.44444444444444	22.5	37.5
K02950_upstream.h2_1	has CMsearch ref	Conserved sequence (low covariation and power)	1.740362689494244	1.6232492903979006	0.7993405494535817	0	79.52	33.33333333333333	4.444444444444445	0
K02950_upstream.h1_2	w/o ref	Conserved sequence (low covariation and power)	1.568201724066995	1.2787536009528289	1.0195316845312554	0	77.62	55.55555555555556	1	0
K02968_upstream.h1_2	w/o ref	Conserved sequence (low covariation and power)	1.7242758696007892	1.462397997898956	0.8802417758954804	0.03768620009451043	84.43	50	3.076923076923077	0
K02968_upstream.h1_3	w/o ref	Conserved sequence (low covariation and power)	1.7075701760979365	1.3979400086720375	0.9912260756924948	0.00193090434446198	87.19	64	2.5	0
K02986_upstream.h1_3.h2_4	w/o ref	High covariation	1.8920946026904804	1.462397997898956	1.132579847659737	0.14194555807866638	84.18	36.36363636363637	5.714285714285714	14.285714285714285
K02990_upstream.h1_2.h2_1	w/o ref	High covariation	1.8573324964312683	1.6989700043360187	1.077731179652392	0.2945856958237236	69.45	28.169014084507044	2	20
K03168_upstream.h1_3	has CMsearch ref	Conserved sequence (low covariation and power)	1.6127838567197357	1.3424226808222062	1.2521245525056444	0.04267826624883386	81.39	60	1.6666666666666667	8.333333333333332
K03168_upstream.h2_4	w/o ref	High power (low covariation)	1.863322860120456	1.4913616938342726	1.3021143769562011	0	68.3	38.88888888888889	14.285714285714285	0
K03183_upstream.h1_4	w/o ref	High covariation	1.505149978319906	1.7323937598229686	1.6120417446452695	0	72.19	32.25806451612903	16	20
K03183_upstream.h1_1	w/o ref	Conserved sequence (low covariation and power)	1.5563025007672873	1.7242758696007892	1.2005769267548485	0	82.05	40	5.714285714285714	0
K03187_upstream.h1_3.h2_3.h2_1	w/o ref	Conserved sequence (low covariation and power)	2.3324384599156054	1.3424226808222062	1.3573630306151427	0.08473959913735479	94.24	45.794392523364486	0.40816326530612246	0
K03187_upstream.h1_2	w/o ref	Conserved sequence (low covariation and power)	1.6720978579357175	1.0791812460476249	0.9840770339028307	4.7331406142834566e-4	82.9	52.17391304347826	2.5	8.333333333333332
K03320_upstream.h1_3	has CMsearch ref	High covariation	1.568201724066995	2.2227164711475833	1.7748817658187963	0	52.47	16.666666666666664	16.666666666666664	33.33333333333333
K03320_upstream.h2_2	has CMsearch ref	Conserved sequence (low covariation and power)	1.792391689498254	1.3222192947339193	1.845098040014257	0	75.86	45.90163934426229	5	0
K03325_upstream.h2_1	has CMsearch ref	High power (low covariation)	1.8920946026904804	1.7160033436347992	1.4250448745513888	0	50.36	15.584415584415584	18.333333333333336	16.666666666666664
K03424_upstream.h1_1	has CMsearch ref	High power (low covariation)	1.8260748027008264	1.5314789170422551	1.4334497937615962	0	58.52	39.39393939393939	25.384615384615383	23.076923076923077
K03428_upstream.h2_1.h2_2	w/o ref	Conserved sequence (low covariation and power)	2.1818435879447726	1.4913616938342726	0.9106244048892012	0.00260659313442689	89.24	50.331125827814574	3.421052631578948	0
K03428_upstream.h1_3.h1_5	w/o ref	Conserved sequence (low covariation and power)	1.8864907251724816	1.4471580313422192	0.8802417758954804	0	89.21	65.78947368421053	2.4	0
K03428_upstream.h1_2	w/o ref	Conserved sequence (low covariation and power)	1.5314789170422551	1.380211241711606	0.8020892578817327	0	85.96	66.66666666666666	3.6363636363636367	0
K10716_upstream.h1_4	w/o ref	Conserved sequence (low covariation and power)	1.662757831681574	1.7075701760979365	1.0737183503461227	0	79.75	31.11111111111111	0	0
K03501_upstream.h1_1.h2_2	w/o ref	High covariation	2.1072099696478683	1.5314789170422551	1.330007700872759	0	58.56	15.748031496062993	9	10
K03501_upstream.h1_5	w/o ref	Conserved sequence (low covariation and power)	1.8512583487190752	1.3222192947339193	1.643551368562945	0.02236819269067905	88.25	60	0.9523809523809524	4.761904761904762
K03524_upstream.h1_4.h2_2	w/o ref	Conserved sequence (low covariation and power)	1.9867717342662448	1.414973347970818	0.7379873263334308	1.1405441339544935e-9	87.64	33.33333333333333	3.125	0
K03524_upstream.h1_2	w/o ref	Conserved sequence (low covariation and power)	1.7558748556724917	1.380211241711606	1.3064250275506877	0.2774687047600784	80.1	60.71428571428571	1.7647058823529411	0
K03531_upstream.h1_1.h2_1	w/o ref	Conserved sequence (low covariation and power)	1.9493900066449128	1.3979400086720375	1.2571984261393443	0.09339226421693383	87.63	52.27272727272727	1.3043478260869563	0
K03553_upstream.h1_4.h2_1	w/o ref	Conserved sequence (low covariation and power)	2.0253058652647704	1.380211241711606	1.2543063323312855	0.5155996750006997	82.16	51.42857142857142	4.074074074074074	3.7037037037037033
K03555_upstream.h2_1	w/o ref	Conserved sequence (low covariation and power)	1.740362689494244	1.3222192947339193	0.9809119377768436	0	70.1	25.925925925925924	7.142857142857142	0
K03593_upstream.h1_5	w/o ref	Conserved sequence (low covariation and power)	1.7160033436347992	1.3617278360175928	0.9420080530223132	3.243033270017494e-13	85.88	54.90196078431373	2.142857142857143	7.142857142857142
K03593_upstream.h1_4	w/o ref	Conserved sequence (low covariation and power)	1.6232492903979006	1.462397997898956	1.276921132065774	0	71.88	63.41463414634146	5.384615384615384	7.6923076923076925
K03593_upstream.h1_2.h1_3	w/o ref	High power (low covariation)	1.8388490907372552	1.7160033436347992	1.252610340567373	0	77.46	32.35294117647059	10.909090909090908	9.090909090909092
K03631_upstream.h1_5.h2_2.h2_1	w/o ref	High power (low covariation)	1.9637878273455551	1.7481880270062005	1.5010592622177514	0.2273806752823456	65.54	28.57142857142857	12.307692307692308	0
K03631_upstream.h1_2	w/o ref	High covariation	1.5314789170422551	1.6334684555795866	1.1513698502474603	0.29500490210730074	66.1	42.42424242424242	11.428571428571429	28.57142857142857
K03650_upstream.h1_1.h2_5.h2_1.h2_4	w/o ref	High power (low covariation)	2.2671717284030137	1.806179973983887	1.0374264979406236	0	64.97	23.91304347826087	11.818181818181818	0
K03650_upstream.h1_3	w/o ref	Conserved sequence (low covariation and power)	1.6901960800285136	1.255272505103306	1.0153597554092142	0.2566985077005827	80.61	62.5	2	6.666666666666667
K03665_upstream.h1_2.h2_1	has CMsearch ref	High power (low covariation)	1.9493900066449128	1.568201724066995	0.9334872878487056	0	74.44	22.727272727272727	15	0
K03665_upstream.h1_5	w/o ref	Conserved sequence (low covariation and power)	1.7242758696007892	1.6020599913279625	1.4834446480985353	0.28663473192557015	73.55	30.76923076923077	6.25	0
K03727_upstream.h2_2	w/o ref	Conserved sequence (low covariation and power)	1.9731278535996983	1.4913616938342726	1.0534626049254554	0	77.37	25.806451612903224	8.333333333333332	8.333333333333332
K03797_upstream.h2_1	w/o ref	High power (low covariation)	1.8864907251724816	1.9030899869919435	0.7993405494535817	0	78.16	31.57894736842105	15.833333333333332	0
K03856_upstream.h2_2	has CMsearch ref	Conserved sequence (low covariation and power)	1.7558748556724917	1.380211241711606	1.7818989193511492	0.09308041980467952	76.86	42.857142857142854	0.8333333333333334	0
K21903_upstream.h2_1	has CMsearch ref	High covariation	1.8750612633917	1.8325089127062364	1.813046965160108	0.30099503355094404	52.96	32.432432432432435	33.33333333333333	50
K03980_upstream.h1_2.h2_1	w/o ref	Conserved sequence (low covariation and power)	1.8195439355418688	1.4771212547196624	1.2402995820027125	0	79.9	12.307692307692308	5	0
K04075_upstream.h2_3.h2_4.h1_5.h2_5	w/o ref	High power (low covariation)	2.403120521175818	1.6901960800285136	2.2257485241818644	0	71.11	24.6031746031746	10.967741935483872	0
K04485_upstream.h1_1	has CMsearch ref	High power (low covariation)	1.6020599913279625	2.110589710299249	1.5992278627737964	0	83.34	30.76923076923077	30	0
K04485_upstream.h2_3	has CMsearch ref	High power (low covariation)	2.0293837776852097	2.075546961392531	1.718584720027436	0.18564526276469195	76.55	47.16981132075472	10.8	0
K04485_upstream.h1_3	has CMsearch ref	High covariation	1.6532125137753435	2.089905111439398	1.4586378490256493	0	74.77	40.909090909090914	2.2222222222222223	11.11111111111111
K04485_upstream.h1_4	w/o ref	Conserved sequence (low covariation and power)	1.6334684555795866	1.977723605288848	1.4539295920577286	0	77.23	33.33333333333333	5.714285714285714	0
K04518_upstream.h1_1.h1_4	w/o ref	Conserved sequence (low covariation and power)	1.8512583487190752	1.740362689494244	0.8175653695597808	0	61.8	20	8.571428571428571	0
K04518_upstream.h1_2.h1_5	w/o ref	Conserved sequence (low covariation and power)	1.977723605288848	1.4771212547196624	0.7693773260761385	0.01232297711873096	90.77	51.06382978723404	0.8333333333333334	0
K04518_upstream.h2_4	w/o ref	Conserved sequence (low covariation and power)	1.9912260756924949	1.4913616938342726	0.7323937598229685	5.719278275464854e-4	88.66	45.36082474226804	1.8181818181818183	0
K04564_upstream.h1_1	has CMsearch ref	High covariation	1.5185139398778875	1.505149978319906	1.0081741840064264	2.1176631165505026e-13	69.68	62.5	13.999999999999998	20
K05377_upstream.h1_5.h2_2	w/o ref	Conserved sequence (low covariation and power)	2.093421685162235	1.4471580313422192	1.3291944150884512	0.20357677497797255	90.44	40.65040650406504	2.4	0
K05567_upstream.h1_4	w/o ref	Conserved sequence (low covariation and power)	1.6232492903979006	1.0791812460476249	0.9991305412873712	0	70.57	29.268292682926827	0	0
K05584_upstream.h2_1.h2_2.h1_2	w/o ref	High power (low covariation)	2.0453229787866576	1.7993405494535817	0.8048206787211624	0	80.11	40	13.18181818181818	0
K05584_upstream.h1_1	w/o ref	Conserved sequence (low covariation and power)	1.5563025007672873	1.6989700043360187	0.885361220031512	0.24338360957889296	80.32	57.14285714285714	6	0
K05585_upstream.h1_2.h2_2.h1_1	w/o ref	Conserved sequence (low covariation and power)	1.9242792860618816	1.6989700043360187	0.9951962915971794	0	77.52	43.373493975903614	6.111111111111112	0
K05585_upstream.h2_1	w/o ref	High covariation	1.845098040014257	1.6989700043360187	1.8793826371743427	0.2989728727855718	58.08	55.072463768115945	29.47368421052631	52.63157894736842
K05585_upstream.h2_3.h2_4	w/o ref	High covariation	2.0791812460476247	1.7558748556724917	2.011316643366872	0.7264509000796718	57.96	47.05882352941176	26.785714285714285	39.285714285714285
K05585_upstream.h1_3	w/o ref	High covariation	1.6901960800285136	1.7075701760979365	1.6633239336282124	0.41243534585842495	68.69	54.166666666666664	20	46.15384615384615
K05592_upstream.h1_3.h1_4.h2_1	w/o ref	Conserved sequence (low covariation and power)	2.1335389083702174	1.6020599913279625	1.5167997040816243	0.03122400142594108	75.41	29.629629629629623	5.500000000000001	5
K05841_upstream.h1_3	has CMsearch ref	Conserved sequence (low covariation and power)	1.5314789170422551	0.9542425094393248	0.6954816764901974	0.2804388183280356	82.65	60.60606060606061	2	0
K05979_upstream.h2_3	w/o ref	Conserved sequence (low covariation and power)	1.8920946026904804	1.3010299956639813	0.9800033715837464	0.02636053377394181	83.49	46.75324675324675	2.7777777777777777	0
K06076_upstream.h1_1	has CMsearch ref	High covariation	1.591064607026499	1.4771212547196624	1.6775157047987574	0.08476675381971498	52.86	47.368421052631575	35.55555555555556	66.66666666666666
K06153_upstream.h1_1	w/o ref	High covariation	1.505149978319906	1.3222192947339193	1.4299136977637543	0.34976304398794955	75.22	32.25806451612903	2	40
K06197_upstream.h1_3	w/o ref	Conserved sequence (low covariation and power)	1.6232492903979006	1.3617278360175928	1.0472748673841794	0	75.59	43.90243902439025	3.3333333333333335	0
K06197_upstream.h2_1	w/o ref	Conserved sequence (low covariation and power)	1.7323937598229686	1.3979400086720375	0.9763499790032736	0	77.78	26.41509433962264	4.285714285714286	0
K06197_upstream.h2_2	w/o ref	Conserved sequence (low covariation and power)	1.8260748027008264	1.505149978319906	0.7185016888672743	0	78.09	33.33333333333333	9.090909090909092	9.090909090909092
K06197_upstream.h1_5	w/o ref	Conserved sequence (low covariation and power)	1.662757831681574	1.4313637641589874	1.3310221710418286	0	82.99	48.888888888888886	8.181818181818182	0
K06213_upstream.h1_1.h2_1.h1_4	has CMsearch ref	Conserved sequence (low covariation and power)	1.9590413923210936	1.7481880270062005	1.7180862947830915	0.3097365991092897	71.77	31.11111111111111	8.571428571428571	0
K06213_upstream.h1_3.h2_3	has CMsearch ref	High power (low covariation)	1.9731278535996983	1.6901960800285136	1.4874212113594742	4.342366581887281e-13	56.14	19.35483870967742	32.22222222222222	11.11111111111111
K06282_upstream.h1_5	has CMsearch ref	High covariation	1.57978359661681	1.5185139398778875	1.8588378514285857	0.069165445060771	50.6	48.64864864864865	42.22222222222222	100
K06442_upstream.h1_1.h2_2	w/o ref	High power (low covariation)	1.8129133566428557	1.5440680443502757	1.182414652434554	0	77.79	37.5	15.833333333333332	0
K06610_upstream.h2_3	w/o ref	High covariation	1.845098040014257	1.414973347970818	2.0319333402756055	0	80.92	20.28985507246377	0	14.285714285714285
K06864_upstream.h2_1.h2_2.h2_3	has CMsearch ref	Conserved sequence (low covariation and power)	2.296665190261531	1.5440680443502757	2.1010593549081156	0	82.21	17.258883248730964	4.117647058823529	5.88235294117647
K06873_upstream.h1_2	w/o ref	Conserved sequence (low covariation and power)	1.7323937598229686	1.3617278360175928	1.1486026548060937	0	87.87	41.509433962264154	1.8181818181818183	0
K06890_upstream.h1_1	has CMsearch ref	Conserved sequence (low covariation and power)	1.6127838567197357	1.041392685158225	0.7558748556724915	0	81.24	50	1	0
K06891_upstream.h1_3	has CMsearch ref	High power (low covariation)	1.5563025007672873	1.5185139398778875	1.426023015689876	0.16808656563788707	62.66	40	18.571428571428573	14.285714285714285
K06920_upstream.h1_2.h1_5.h1_4	w/o ref	Conserved sequence (low covariation and power)	2.03342375548695	1.2787536009528289	1.573219827114422	0.09178650399397742	78.1	29.906542056074763	3.75	6.25
K06949_upstream.h1_2	has CMsearch ref	Conserved sequence (low covariation and power)	1.6720978579357175	1.146128035678238	1.3322364154914432	0.3161675165436764	71.74	69.56521739130434	3.75	6.25
K06966_upstream.h1_1	has CMsearch ref	High covariation	1.568201724066995	1.2787536009528289	1.815776920298363	0.492747820837467	58	55.55555555555556	16	50
K06971_upstream.h1_4.h2_4	w/o ref	Conserved sequence (low covariation and power)	1.869231719730976	1.255272505103306	1.404833716619938	0.2924439295577612	86.58	46.57534246575342	0	5.88235294117647
K06997_upstream.h1_1	w/o ref	Conserved sequence (low covariation and power)	1.6720978579357175	1.380211241711606	1.3736474722092178	0	73.26	65.21739130434783	8	0
K07015_upstream.h1_1	has CMsearch ref	Conserved sequence (low covariation and power)	1.5563025007672873	1.5563025007672873	0.884795363948981	0	60.39	17.142857142857142	3.3333333333333335	0
K07037_upstream.h1_3.h2_1	w/o ref	High power (low covariation)	1.8750612633917	1.7708520116421442	1.677241845946654	0.2109738820140191	64.21	29.72972972972973	12.727272727272728	9.090909090909092
K07079_upstream.h1_5	w/o ref	High covariation	1.5314789170422551	1.3010299956639813	1.1670217957902564	0	79.45	36.36363636363637	8.333333333333332	16.666666666666664
K07086_upstream.h2_3	has CMsearch ref	High power (low covariation)	1.806179973983887	1.6901960800285136	1.5224442335063195	0.02527030082651845	71.42	31.746031746031743	18	0
K07086_upstream.h1_1	has CMsearch ref	High power (low covariation)	1.5440680443502757	1.6532125137753435	1.127752515832973	0.43466309740121495	72.26	35.294117647058826	11.666666666666666	0
K07090_upstream.h1_3	w/o ref	Conserved sequence (low covariation and power)	1.6720978579357175	1.462397997898956	1.098989639401177	0.00205923378292819	85.64	52.17391304347826	1.6666666666666667	0
K07243_upstream.h1_1	w/o ref	High covariation	1.6720978579357175	1.5563025007672873	1.9175055095525464	0.2827204240269575	62.5	65.21739130434783	26	33.33333333333333
K07301_upstream.h2_2.h2_4.h1_3	w/o ref	Conserved sequence (low covariation and power)	2.2174839442139063	1.4913616938342726	1.9383195433421556	3.541122881009471e-6	83.25	32.926829268292686	7.777777777777778	7.4074074074074066
K07456_upstream.h1_4	has CMsearch ref	High covariation	1.6901960800285136	1.414973347970818	1.1433271299920464	0	84.69	41.66666666666667	3	10
K07486_upstream.h2_1	has CMsearch ref	Conserved sequence (low covariation and power)	1.662757831681574	0.9030899869919436	1.3666097103924295	0.4349439596979846	76.24	57.77777777777777	0	7.6923076923076925
K08480_upstream.h2_2	w/o ref	High covariation	1.9344984512435677	1.380211241711606	1.5537616983900042	0.4363121585962835	67.61	37.64705882352941	7.5	12.5
K08482_upstream.h1_1	w/o ref	High covariation	1.5563025007672873	1.8325089127062364	1.5658478186735176	6.211569271197437e-4	50.04	22.857142857142858	47.5	75
K09121_upstream.h1_4	has CMsearch ref	Conserved sequence (low covariation and power)	1.6434526764861874	1.968482948553935	1.1778249718646818	0	73.34	32.55813953488372	1.4285714285714286	0
K09748_upstream.h1_4	w/o ref	Conserved sequence (low covariation and power)	1.591064607026499	1.380211241711606	0.8836614351536176	0	81.27	36.84210526315789	8.571428571428571	0
K09772_upstream.h1_4.h2_1.h1_2	w/o ref	Conserved sequence (low covariation and power)	1.9138138523837167	1.3617278360175928	1.356790460351716	0.03294568810237715	93.09	51.85185185185185	0	0
K09772_upstream.h1_1	w/o ref	Conserved sequence (low covariation and power)	1.5563025007672873	1.3010299956639813	1.2286569581089353	0.4658852714562038	88.48	80	0	0
K09836_upstream.h1_5	has CMsearch ref	High covariation	1.6232492903979006	1.380211241711606	1.4393326938302626	0.00120895936887462	68.59	29.268292682926827	3.3333333333333335	16.666666666666664
K09928_upstream.h1_2.h2_1.h1_1	w/o ref	High power (low covariation)	2.0863598306747484	1.462397997898956	1.6183619311098782	0.16892744018992603	75.71	24.793388429752067	16.666666666666664	13.333333333333334
K09942_upstream.h2_1	has CMsearch ref	Conserved sequence (low covariation and power)	1.7781512503836436	1.6334684555795866	0.8808135922807914	0.4074214994817781	68.16	20.33898305084746	0	0
K09942_upstream.h1_4.h2_2.h1_2	w/o ref	Conserved sequence (low covariation and power)	1.9822712330395684	1.462397997898956	1.438384107034714	0.4412048051368981	85.81	25.26315789473684	0.8333333333333334	8.333333333333332
K09966_upstream.h2_1	w/o ref	Conserved sequence (low covariation and power)	2.060697840353612	1.6901960800285136	0.7708520116421442	4.297323434598976e-4	69.64	28.07017543859649	6.875000000000001	0
K10257_upstream.h2_2	w/o ref	Conserved sequence (low covariation and power)	1.8512583487190752	1	0.8615344108590378	0	90.47	57.14285714285714	0	0
K10773_upstream.h1_5.h2_1	has CMsearch ref	Conserved sequence (low covariation and power)	1.792391689498254	1.4471580313422192	1.001300933020418	0.02683430641082363	83.46	36.0655737704918	2.727272727272727	0
K10917_upstream.h1_3	has CMsearch ref	High power (low covariation)	1.740362689494244	1.7781512503836436	1.8826952623815971	1.3691956543948317e-7	64.31	55.55555555555556	24.000000000000004	0
K10960_upstream.h1_5.h2_3.h2_1.h1_1	w/o ref	Conserved sequence (low covariation and power)	2.143014800254095	1.462397997898956	1.2301933788690456	0.00101538255535923	81.54	39.130434782608695	3.7037037037037033	3.7037037037037033
K12574_upstream.h1_1.h1_3	w/o ref	High covariation	1.7708520116421442	1.414973347970818	2.0083872301141588	0.01976483724196788	55.98	48.27586206896552	27.857142857142858	57.14285714285714
K12574_upstream.h1_2	w/o ref	High covariation	1.6127838567197357	1.7075701760979365	2.0090257420869104	8.547246862064976e-5	49.34	40	55.00000000000001	100
K12984_upstream.h1_2	w/o ref	High covariation	1.6812412373755872	1.1139433523068367	1.3062105081677615	0.5621119699080107	63.71	46.808510638297875	5.454545454545454	18.181818181818183
K13005_upstream.h1_3	has CMsearch ref	High covariation	1.6812412373755872	0.8450980400142568	1.5336449787987627	0.7415762273581585	62.8	59.57446808510638	1.4285714285714286	28.57142857142857
K13005_upstream.h1_4	has CMsearch ref	High covariation	1.5440680443502757	1.2787536009528289	1.783760695743924	0.22787719628720307	62.6	64.70588235294117	10.909090909090908	18.181818181818183
K14379_upstream.h1_1.h1_5	has CMsearch ref	Conserved sequence (low covariation and power)	1.7558748556724917	1.5314789170422551	0.7774268223893114	0	73.77	21.428571428571427	5	0
K14441_upstream.h2_4	has CMsearch ref	High covariation	1.869231719730976	1.4471580313422192	1.0817072700973491	0.21128637482829252	78.92	46.57534246575342	10	11.76470588235294
K14441_upstream.h2_3	has CMsearch ref	High covariation	1.7160033436347992	1.662757831681574	1.218535505216528	0.2673989106256479	69.18	15.68627450980392	10	50
K14540_upstream.h1_2	w/o ref	Conserved sequence (low covariation and power)	1.57978359661681	1.3010299956639813	1.228913405994688	0	81.39	54.054054054054056	3	0
K14540_upstream.h1_1.h2_1	w/o ref	Conserved sequence (low covariation and power)	1.7481880270062005	1.230448921378274	1.4124605474299614	0	93.64	54.54545454545454	0	0
K14761_upstream.h1_5	w/o ref	High power (low covariation)	1.568201724066995	1.4913616938342726	0.7193312869837267	0	73.38	33.33333333333333	15	0
K15633_upstream.h2_3	has CMsearch ref	High covariation	1.7558748556724917	1.568201724066995	0.9960736544852752	0	64.01	10.714285714285714	16.666666666666664	33.33333333333333
K15633_upstream.h1_1	w/o ref	Conserved sequence (low covariation and power)	1.6127838567197357	1.3424226808222062	0.8959747323590646	0.00195582098966425	83.62	40	2.5	0
K16091_upstream.h1_3	w/o ref	High covariation	1.6434526764861874	1.2041199826559248	1.8236698132681364	0.4956275809064905	42.19	65.11627906976744	26.42857142857143	100
K18678_upstream.h1_3	has CMsearch ref	Conserved sequence (low covariation and power)	1.662757831681574	1.7323937598229686	1.167317334748176	0	75.4	35.55555555555556	8.75	0
K19002_upstream.h1_4	has CMsearch ref	High covariation	1.7160033436347992	1.7993405494535817	1.4653828514484184	0	56.83	15.68627450980392	35	50
K19002_upstream.h1_1	has CMsearch ref	High covariation	1.6020599913279625	1.6334684555795866	1.962889987391791	0.20713274096031173	57.68	46.15384615384615	30.000000000000004	55.55555555555556
K19166_upstream.h1_4	has CMsearch ref	High covariation	1.6232492903979006	1.662757831681574	1.5624118329497274	0.30056961673157623	60.15	34.146341463414636	15.714285714285715	42.857142857142854
K19166_upstream.h1_1	has CMsearch ref	High covariation	1.5314789170422551	1.6532125137753435	1.6955692270361855	0.4623920075889276	52.38	36.36363636363637	10	50
K19170_upstream.h1_3	w/o ref	High covariation	1.5440680443502757	1.4771212547196624	1.3643633546157308	0	73.95	41.17647058823529	8.571428571428571	28.57142857142857
K19294_upstream.h1_2	w/o ref	High covariation	1.6812412373755872	1.0791812460476249	1.4652340949880145	0.5673110946583468	46.36	68.08510638297872	16.875	43.75
K21480_upstream.h1_1	has CMsearch ref	High covariation	1.505149978319906	1.740362689494244	1.978363147083883	0.2461042377204432	54.66	45.16129032258064	24.285714285714285	57.14285714285714
K21480_upstream.h1_3	has CMsearch ref	High covariation	1.591064607026499	1.7481880270062005	1.6504046698680317	0	56.14	36.84210526315789	41.42857142857142	57.14285714285714
K21703_upstream.h2_1	w/o ref	High power (low covariation)	1.6989700043360187	2.0718820073061255	0.9822712330395684	0	65.7	24.489795918367346	18.333333333333336	0
K21929_upstream.h2_1	w/o ref	Conserved sequence (low covariation and power)	1.9294189257142929	1.2787536009528289	1.2214142378423387	0.4774483000577465	74.97	50	7.142857142857142	0
K00036_downstream.h1_1	w/o ref	High covariation	1.740362689494244	1.591064607026499	1.3119656603683665	0	58.99	48.148148148148145	26.153846153846157	53.84615384615385
K00161_downstream.h2_1	has CMsearch ref	Conserved sequence (low covariation and power)	1.6989700043360187	1.6532125137753435	1.4360035356698966	0.00688173903740953	78.59	48.97959183673469	8.333333333333332	0
K00161_downstream.h1_1	has CMsearch ref	Conserved sequence (low covariation and power)	1.5563025007672873	1.6232492903979006	1.327767489902729	0	77.92	45.714285714285715	5	0
K00297_downstream.h1_4	w/o ref	Conserved sequence (low covariation and power)	1.5440680443502757	1.740362689494244	1.1565491513317814	0	70.38	35.294117647058826	8.333333333333332	0
K00297_downstream.h2_2.h2_3	w/o ref	High power (low covariation)	2.123851640967086	1.7781512503836436	1.4199557484897578	6.20068404595445e-4	74.38	30.303030303030305	11.000000000000002	0
K00297_downstream.h1_1	w/o ref	High covariation	1.6532125137753435	1.740362689494244	1.2340108175871791	0.0186931771649877	74.79	36.36363636363637	10	12.5
K00604_downstream.h1_2	has CMsearch ref	Conserved sequence (low covariation and power)	1.5314789170422551	1.6532125137753435	1.4815859363676225	0	77.84	12.12121212121212	0	0
K00615_downstream.h2_1	has CMsearch ref	High power (low covariation)	1.6989700043360187	1.6020599913279625	1.2347702951609163	0	78.02	44.89795918367347	10	0
K00615_downstream.h1_1	has CMsearch ref	Conserved sequence (low covariation and power)	1.568201724066995	1.5440680443502757	1.141763230275788	0	77.55	55.55555555555556	2	0
K00640_downstream.h1_4.h2_1	w/o ref	Conserved sequence (low covariation and power)	1.8195439355418688	1.6532125137753435	1.1908917169221696	0	78.47	33.84615384615385	9.090909090909092	0
K00640_downstream.h1_1	w/o ref	Conserved sequence (low covariation and power)	1.568201724066995	1.6532125137753435	0.988112840268352	0	77.43	38.88888888888889	2.857142857142857	0
K00748_downstream.h1_5	has CMsearch ref	High covariation	1.6720978579357175	1.3617278360175928	1.1760912590556811	0.23260379835089512	83.69	34.78260869565217	2.5	12.5
K00764_downstream.h2_2	w/o ref	Conserved sequence (low covariation and power)	1.7160033436347992	1.414973347970818	0.6937269489236468	0	81.73	3.92156862745098	0	0
K00937_downstream.h1_1	has CMsearch ref	High covariation	1.5185139398778875	1.7781512503836436	1.4229179807676624	5.396706552860553e-4	56.61	25	20	25
K00937_downstream.h2_2	w/o ref	Conserved sequence (low covariation and power)	1.919078092376074	1.5563025007672873	1.799064719351008	0.03477243566358771	75.4	31.70731707317073	9.23076923076923	7.6923076923076925
K00940_downstream.h2_3	has CMsearch ref	High power (low covariation)	1.8195439355418688	1.6334684555795866	1.4845845292828428	0	63.83	18.461538461538463	11.666666666666666	0
K00940_downstream.h1_5	has CMsearch ref	High power (low covariation)	1.6334684555795866	1.505149978319906	1.628082260990679	4.3346519621548626e-13	75.84	47.61904761904761	12	0
K00940_downstream.h2_1	has CMsearch ref	Conserved sequence (low covariation and power)	1.7481880270062005	1.4913616938342726	1.2092468487533736	0	75.77	29.09090909090909	5	0
K00988_downstream.h1_5	w/o ref	High covariation	1.662757831681574	1.5314789170422551	1.3796680340336538	0.28510545276863136	82.37	62.22222222222222	9.285714285714286	14.285714285714285
K00988_downstream.h2_1	w/o ref	High covariation	1.9912260756924949	1.4471580313422192	1.2785249647370176	0.140898795081713	81.59	35.051546391752574	8.823529411764707	11.76470588235294
K00995_downstream.h1_3	w/o ref	Conserved sequence (low covariation and power)	1.6532125137753435	1.7075701760979365	0.964259630196849	0	73.73	13.636363636363637	0	0
K00995_downstream.h1_4.h2_3	w/o ref	Conserved sequence (low covariation and power)	1.8750612633917	1.380211241711606	1.3942765267678214	0.13895002493987224	86.56	27.027027027027028	3	0
K01008_downstream.h2_3	w/o ref	Conserved sequence (low covariation and power)	1.9030899869919435	1.414973347970818	1.6516656039229356	0.4542501553003446	87.2	37.9746835443038	3.3333333333333335	0
K01056_downstream.h2_1	w/o ref	Conserved sequence (low covariation and power)	1.6901960800285136	1.462397997898956	1.2652896258608302	0.00871779854225449	80.36	50	6.666666666666667	0
K01193_downstream.h1_2.h2_4	has CMsearch ref	High power (low covariation)	1.8195439355418688	1.7634279935629371	1.3326404103874627	0	80.04	46.15384615384615	10	0
K01356_downstream.h1_3	w/o ref	High covariation	1.6812412373755872	0.9030899869919436	1.1928461151888416	0.29133754281908625	67.51	72.3404255319149	1.1764705882352942	11.76470588235294
K01414_downstream.h2_1.h2_4	w/o ref	Conserved sequence (low covariation and power)	2.167317334748176	1.5563025007672873	1.1222158782728269	0.0050308010151720204	75.7	17.80821917808219	6.923076923076923	0
K01428_downstream.h1_3	w/o ref	Conserved sequence (low covariation and power)	1.505149978319906	1.146128035678238	0.7092699609758307	0	93.07	51.61290322580645	0	0
K01437_downstream.h1_1.h2_1.h1_4	w/o ref	Conserved sequence (low covariation and power)	1.8573324964312683	1.5185139398778875	1.328787200354535	0.6390110950711797	83.69	36.61971830985916	3.8461538461538463	7.6923076923076925
K01437_downstream.h1_5	w/o ref	Conserved sequence (low covariation and power)	1.6812412373755872	1.4313637641589874	1.153814864344529	0	84.91	17.02127659574468	0	0
K01601_downstream.h1_2	has CMsearch ref	High covariation	1.7160033436347992	1.845098040014257	2.046456142412592	0.3861920865133115	54.11	66.66666666666666	48.82352941176471	88.23529411764706
K01601_downstream.h1_1	has CMsearch ref	High power (low covariation)	1.8129133566428557	1.505149978319906	1.883547879268044	0.6068455110970082	70.96	53.125	13.529411764705882	5.88235294117647
K01626_downstream.h1_2	w/o ref	Conserved sequence (low covariation and power)	1.57978359661681	1.2787536009528289	1.2951270852521912	0	87.67	32.432432432432435	0	0
K01647_downstream.h1_2	has CMsearch ref	High covariation	1.6434526764861874	1.4471580313422192	1.333648756514701	3.363987296108184e-7	75.68	51.162790697674424	13.636363636363637	27.27272727272727
K01662_downstream.h2_2.h2_3.h2_1.h2_4	has CMsearch ref	Conserved sequence (low covariation and power)	2.2528530309798933	1.6127838567197357	1.2322335211147335	0	71.4	22.47191011235955	5.500000000000001	5
K01687_downstream.h1_3.h2_5	w/o ref	Conserved sequence (low covariation and power)	1.9344984512435677	1.3222192947339193	1.2013971243204515	0.04266645670276898	89.83	40	1.1764705882352942	0
K01687_downstream.h1_4.h2_2.h2_3	w/o ref	Conserved sequence (low covariation and power)	2.3483048630481607	1.7558748556724917	1.336259552014193	0	59.69	13.513513513513514	8	6.666666666666667
K01736_downstream.h2_1	w/o ref	Conserved sequence (low covariation and power)	1.7993405494535817	1.255272505103306	1.3636119798921444	2.0552109189872312e-5	92.03	25.806451612903224	0	0
K01807_downstream.h1_4	w/o ref	High covariation	1.591064607026499	1.7242758696007892	1.033021444682911	0	70.3	21.052631578947366	15	25
K01807_downstream.h2_2.h2_3	w/o ref	Conserved sequence (low covariation and power)	2.220108088040055	1.7993405494535817	1.2397998184470986	0	67.87	24.24242424242424	6.999999999999999	0
K01807_downstream.h1_3	w/o ref	Conserved sequence (low covariation and power)	1.6434526764861874	1.7323937598229686	1.0178677189635057	0	71.16	51.162790697674424	9.090909090909092	0
K01807_downstream.h1_5	w/o ref	High covariation	1.7481880270062005	1.6989700043360187	0.8234742291703011	0	64.48	7.272727272727272	0	50
K01870_downstream.h2_2	w/o ref	Conserved sequence (low covariation and power)	1.9084850188786495	1.4913616938342726	0.8401060944567578	0.00107970691548372	83.97	32.5	3.8461538461538463	0
K01874_downstream.h1_2	w/o ref	High power (low covariation)	1.6232492903979006	1.5314789170422551	1.3436055081041718	0.4763533225950132	70.31	43.90243902439025	11.11111111111111	0
K01890_downstream.h2_3	w/o ref	High power (low covariation)	1.9138138523837167	1.5563025007672873	0.8188854145940099	0.1957721115456889	72.41	27.160493827160497	10.909090909090908	0
K01890_downstream.h2_1	w/o ref	High covariation	1.869231719730976	1.5563025007672873	1.1525940779274697	0.2012083427382143	75.76	27.3972602739726	6.999999999999999	10
K01895_downstream.h1_4.h2_2	has CMsearch ref	Conserved sequence (low covariation and power)	1.8976270912904416	1.4913616938342726	1.4488608456074408	0.1816386783333272	75.27	38.46153846153847	8	6.666666666666667
K01895_downstream.h1_2.h2_1	has CMsearch ref	Conserved sequence (low covariation and power)	1.740362689494244	1.4913616938342726	1.6029277128591892	0	83.01	33.33333333333333	1.1111111111111112	0
K01915_downstream.h1_2	w/o ref	Conserved sequence (low covariation and power)	1.6232492903979006	1.146128035678238	1.458033192496506	0	84.85	73.17073170731707	1.3333333333333337	0
K01929_downstream.h1_1	w/o ref	Conserved sequence (low covariation and power)	1.5440680443502757	1.6532125137753435	1.0737183503461227	0	69.77	41.17647058823529	10	0
K01961_downstream.h1_2	has CMsearch ref	Conserved sequence (low covariation and power)	1.7160033436347992	1.8512583487190752	1.236789099409293	0	73.67	27.450980392156865	2.857142857142857	0
K01961_downstream.h1_4.h2_4	has CMsearch ref	Conserved sequence (low covariation and power)	1.8512583487190752	1.8195439355418688	1.3662361237182932	0	67.88	22.857142857142858	7.5	0
K01961_downstream.h1_3	has CMsearch ref	High power (low covariation)	1.5563025007672873	1.7853298350107671	1.1972805581256194	0	73.34	34.285714285714285	16.666666666666664	0
K02033_downstream.h1_3	w/o ref	High covariation	1.6989700043360187	1.1760912590556811	1.3816564825857869	0.4660204391321233	56.76	61.224489795918366	11.333333333333332	20
K02095_downstream.h1_2.h2_3	has CMsearch ref	High power (low covariation)	1.8512583487190752	1.6901960800285136	1.6104472214421213	0.6948998927577225	62.38	74.28571428571429	32.30769230769231	23.076923076923077
K02110_downstream.h1_5	w/o ref	High covariation	1.7853298350107671	1.5185139398778875	1.2247919564926817	0.7678034839757659	50.2	76.66666666666667	31.30434782608696	60.86956521739131
K02217_downstream.h2_2	w/o ref	Conserved sequence (low covariation and power)	1.8195439355418688	1.6127838567197357	0.8992731873176038	0.22890674026671629	69.69	9.230769230769232	0	0
K02221_downstream.h1_1	w/o ref	High covariation	1.568201724066995	1.8195439355418688	1.3935752032695876	0	74.63	44.44444444444444	15	25
K02221_downstream.h2_2	w/o ref	High power (low covariation)	1.7160033436347992	1.792391689498254	1.4761067168401911	0	77.81	47.05882352941176	19.166666666666664	0
K02221_downstream.h2_1	w/o ref	High power (low covariation)	1.8808135922807911	1.869231719730976	1.5233562066547928	0	73.07	40	18.666666666666664	0
K02233_downstream.h1_4.h2_2.h1_5	w/o ref	Conserved sequence (low covariation and power)	2.1271047983648077	1.806179973983887	0.9258275746247424	3.28544519847081e-7	62.64	21.052631578947366	7.857142857142859	0
K02294_downstream.h2_4	has CMsearch ref	High power (low covariation)	1.9867717342662448	1.7708520116421442	1.0704073217401198	0	64.38	22.916666666666664	16.363636363636363	0
K02313_downstream.h2_1	w/o ref	Conserved sequence (low covariation and power)	1.8573324964312683	1.4771212547196624	1.0902580529313164	0.2710538208115502	80.13	45.07042253521127	5.625	0
K02337_downstream.h1_4	w/o ref	High covariation	1.5440680443502757	1.505149978319906	1.1908917169221696	0.03536296778051529	73.7	41.17647058823529	14.285714285714285	28.57142857142857
K02337_downstream.h1_5	w/o ref	Conserved sequence (low covariation and power)	1.6532125137753435	1.4471580313422192	0.8836614351536176	5.204722281689006e-4	82.6	45.45454545454545	6	0
K02341_downstream.h2_1.h2_2.h1_2	has CMsearch ref	High power (low covariation)	2.173186268412274	1.7323937598229686	2.107989642267512	0	65.08	36.48648648648648	30.37037037037037	3.7037037037037033
K02356_downstream.h1_1	w/o ref	High covariation	1.5440680443502757	1.3222192947339193	1.4825877695267675	0.2898644236701495	82.53	76.47058823529412	2.3076923076923075	15.384615384615383
K02435_downstream.h2_2.h2_4.h1_3	has CMsearch ref	High power (low covariation)	2.0718820073061255	1.7853298350107671	1.4292676664331685	0	76.96	44.44444444444444	10.769230769230768	0
K02435_downstream.h1_5.h2_1	has CMsearch ref	High power (low covariation)	1.7781512503836436	1.7242758696007892	0.9175055095525466	0	69.28	33.89830508474576	13.999999999999998	0
K02503_downstream.h1_2	has CMsearch ref	High covariation	1.5440680443502757	1.4313637641589874	1.469674772551798	0.2982809149832576	62.87	35.294117647058826	8.333333333333332	33.33333333333333
K02668_downstream.h1_5	w/o ref	High covariation	1.7323937598229686	0.8450980400142568	1.0310042813635367	0.29581726947519765	51.04	60.37735849056604	5.625	37.5
K02700_downstream.h2_1	has CMsearch ref	Conserved sequence (low covariation and power)	1.8195439355418688	1.2041199826559248	1.0603200286882852	0	90.02	24.615384615384617	0	0
K02707_downstream.h1_5	has CMsearch ref	High covariation	1.568201724066995	1.3222192947339193	0.9143431571194408	0.1234704047684025	67.33	33.33333333333333	6.666666666666667	16.666666666666664
K02707_downstream.h1_3	has CMsearch ref	Conserved sequence (low covariation and power)	1.57978359661681	1.1760912590556811	1.0766404436703418	0	83.4	59.45945945945946	0.9090909090909092	9.090909090909092
K02717_downstream.h2_1	w/o ref	Conserved sequence (low covariation and power)	1.9395192526186185	1.505149978319906	0.8000293592441343	0	85.33	27.906976744186046	5.833333333333333	0
K02835_downstream.h1_3	w/o ref	High power (low covariation)	1.7242758696007892	1.7853298350107671	1.4721711466923633	0	74.31	57.692307692307686	13.333333333333334	0
K02860_downstream.h1_5	w/o ref	Conserved sequence (low covariation and power)	1.6989700043360187	1.3979400086720375	1.5349141044298669	0.29512686513329	76.29	32.6530612244898	5	0
K02860_downstream.h2_2.h2_3	w/o ref	Conserved sequence (low covariation and power)	2.214843848047698	1.462397997898956	1.1866738674997452	0	89.21	29.447852760736197	4.583333333333334	0
K02860_downstream.h1_1	w/o ref	Conserved sequence (low covariation and power)	1.5440680443502757	1.3424226808222062	1.1997551772534747	0	88.53	58.82352941176471	3	0
K02874_downstream.h2_1	w/o ref	High covariation	1.6720978579357175	0.7781512503836436	0.7512791039833423	0.32037064826192757	65.32	43.47826086956522	4	20
K02967_downstream.h1_1	w/o ref	High covariation	1.6020599913279625	1.146128035678238	1.0740846890282438	0.29686737526772256	74.61	56.41025641025641	4.545454545454546	18.181818181818183
K02990_downstream.h1_2	w/o ref	Conserved sequence (low covariation and power)	1.4913616938342726	1.3979400086720375	0.9122220565324156	0	84.34	53.333333333333336	1.25	0
K03075_downstream.h2_5	has CMsearch ref	Conserved sequence (low covariation and power)	1.7160033436347992	1.5440680443502757	1.2588766293721312	0	86.41	27.450980392156865	0	0
K03075_downstream.h1_1	has CMsearch ref	Conserved sequence (low covariation and power)	1.6989700043360187	1.4471580313422192	0.7937903846908186	0	83.35	53.06122448979592	3.8461538461538463	0
K03075_downstream.h2_2.h2_3.h2_4	has CMsearch ref	Conserved sequence (low covariation and power)	2.296665190261531	1.5563025007672873	1.0342272607705507	0	86.14	32.48730964467005	5	0
K03075_downstream.h1_2.h1_3	has CMsearch ref	Conserved sequence (low covariation and power)	1.8976270912904416	1.4313637641589874	1.199480914862356	0	88.82	66.66666666666666	4.230769230769231	0
K03100_downstream.h2_2	w/o ref	Conserved sequence (low covariation and power)	1.7708520116421442	1.57978359661681	1.0228406108765278	6.748987920222172e-4	67.92	31.03448275862069	5.555555555555555	0
K03181_downstream.h1_3.h1_5.h1_1	w/o ref	Conserved sequence (low covariation and power)	2.0170333392987803	1.462397997898956	0.9503648543761232	0.14233220305696756	86.39	42.71844660194174	3.1818181818181817	0
K03328_downstream.h1_2	has CMsearch ref	High covariation	1.6334684555795866	1.57978359661681	2.00021709297223	0	43.53	33.33333333333333	58.57142857142856	100
K03424_downstream.h2_1	w/o ref	High power (low covariation)	1.806179973983887	1.5440680443502757	1.272537777375237	0.03148222744976942	73.56	28.57142857142857	12.222222222222223	0
K03428_downstream.h1_3.h2_1	w/o ref	Conserved sequence (low covariation and power)	1.9344984512435677	1.380211241711606	0.9375178920173468	0	90.27	44.70588235294118	2.631578947368421	0
K03470_downstream.h2_1.h2_3	w/o ref	Conserved sequence (low covariation and power)	2.0253058652647704	1.462397997898956	2.142921057515615	0	86.16	45.714285714285715	4.166666666666666	0
K03499_downstream.h1_5	w/o ref	Conserved sequence (low covariation and power)	1.7708520116421442	1.462397997898956	0.6522463410033232	0	79.92	20.689655172413794	0	0
K03499_downstream.h1_4.h2_3.h1_3	w/o ref	Conserved sequence (low covariation and power)	2.184691430817599	1.462397997898956	0.8254261177678232	0	90.97	43.42105263157895	0.9090909090909092	0
K03501_downstream.h2_2	has CMsearch ref	Conserved sequence (low covariation and power)	1.7481880270062005	1.7481880270062005	0.8369567370595504	0	70.46	21.818181818181817	0	0
K03524_downstream.h1_4	w/o ref	Conserved sequence (low covariation and power)	1.6334684555795866	1.3617278360175928	1.244771761495295	0	80.7	61.904761904761905	7.6923076923076925	0
K03553_downstream.h2_1	has CMsearch ref	Conserved sequence (low covariation and power)	1.6989700043360187	1.4313637641589874	1.0195316845312554	0	76.73	24.489795918367346	8.333333333333332	0
K03555_downstream.h1_3.h2_2	w/o ref	Conserved sequence (low covariation and power)	1.8750612633917	1.662757831681574	1.465680211598278	0	70.42	29.72972972972973	1.8181818181818183	0
K03605_downstream.h1_3	has CMsearch ref	Conserved sequence (low covariation and power)	1.6020599913279625	1.5440680443502757	1.3184807251745174	0	74.39	35.8974358974359	4.285714285714286	0
K03650_downstream.h1_4.h2_1	w/o ref	Conserved sequence (low covariation and power)	1.8750612633917	1.230448921378274	1.0659529803138696	0.2829049804713132	93.63	24.324324324324326	0	0
K03664_downstream.h2_4	has CMsearch ref	Conserved sequence (low covariation and power)	1.919078092376074	1.4913616938342726	0.9247959957979122	0	84.85	36.58536585365854	2.666666666666667	0
K03705_downstream.h2_1	w/o ref	Conserved sequence (low covariation and power)	1.740362689494244	1.230448921378274	0.8475726591421122	4.286435588827246e-13	77.42	48.148148148148145	3.8461538461538463	0
K03727_downstream.h1_3.h2_4	w/o ref	Conserved sequence (low covariation and power)	2.110589710299249	1.6812412373755872	1.4553017716570764	0.05333971023200932	77.43	37.5	7.5	0
K03727_downstream.h2_3	w/o ref	High power (low covariation)	1.6720978579357175	1.568201724066995	0.6464037262230695	0	70.34	39.130434782608695	16.666666666666664	0
K03786_downstream.h1_1	w/o ref	High covariation	1.6434526764861874	0.9542425094393248	1.5670263661590604	0.5468473030191687	64.45	74.4186046511628	1.875	18.75
K03800_downstream.h2_2	w/o ref	Conserved sequence (low covariation and power)	1.8976270912904416	1.505149978319906	0.7481880270062005	0.29083542429604015	76.57	41.02564102564102	8.75	6.25
K03800_downstream.h1_4	has CMsearch ref	Conserved sequence (low covariation and power)	1.5563025007672873	1.3979400086720375	1.073351702386901	0.29599722325104566	84.38	62.857142857142854	2.727272727272727	0
K04075_downstream.h2_1	w/o ref	Conserved sequence (low covariation and power)	1.7853298350107671	1.3979400086720375	1.7879561232839318	0.2715237817932458	76.43	46.666666666666664	7.142857142857142	0
K04485_downstream.h1_4	w/o ref	Conserved sequence (low covariation and power)	1.505149978319906	1.6901960800285136	0.9633155113861112	0	74.54	32.25806451612903	2	0
K04485_downstream.h1_5.h2_1	w/o ref	Conserved sequence (low covariation and power)	1.7993405494535817	1.7323937598229686	1.308777773664721	0	73.14	22.58064516129032	7.142857142857142	0
K04720_downstream.h1_3	w/o ref	High covariation	1.6901960800285136	1.2041199826559248	1.344195715871435	0	89.64	20.833333333333336	0	20
K05377_downstream.h1_5	w/o ref	Conserved sequence (low covariation and power)	1.7160033436347992	1.4313637641589874	1.250420002308894	0.03221110628470699	81.75	47.05882352941176	5.833333333333333	0
K06045_downstream.h2_3	w/o ref	Conserved sequence (low covariation and power)	2.004321373782642	0.6020599913279624	1.0457140589408676	0.8744203511135017	81.05	60	0	0
K06199_downstream.h2_1	w/o ref	Conserved sequence (low covariation and power)	1.7242758696007892	1.3222192947339193	0.9556877503135056	0.04008435864561341	82.99	57.692307692307686	4	0
K06381_downstream.h1_4.h2_4.h2_3	w/o ref	High power (low covariation)	2.146128035678238	1.505149978319906	0.9758911364017928	0.00547146098995735	70.82	8.633093525179856	13.333333333333334	0
K06442_downstream.h2_1	has CMsearch ref	Conserved sequence (low covariation and power)	1.7075701760979365	1.6020599913279625	1.3430144971507676	0	74.7	24	8.333333333333332	0
K06864_downstream.h1_3.h2_3	w/o ref	Conserved sequence (low covariation and power)	1.8864907251724816	1.5314789170422551	1.92147838037569	4.4789520291368875e-5	73.99	28.947368421052634	8.181818181818182	0
K06872_downstream.h1_5	w/o ref	Conserved sequence (low covariation and power)	1.8512583487190752	1.505149978319906	1.0145205387579237	0	70.38	17.142857142857142	10	0
K06872_downstream.h1_3	has CMsearch ref	Conserved sequence (low covariation and power)	1.5440680443502757	1.7242758696007892	1.4557582031041367	0	74.28	47.05882352941176	5	0
K06891_downstream.h1_3	w/o ref	Conserved sequence (low covariation and power)	1.4913616938342726	1.3010299956639813	0.7299742856995556	0	86.39	46.666666666666664	1.4285714285714286	0
K06920_downstream.h1_1	w/o ref	High power (low covariation)	1.6127838567197357	1.57978359661681	1.190611797813605	0	74.56	45	14.444444444444446	11.11111111111111
K07007_downstream.h1_1.h1_5	w/o ref	High covariation	1.6720978579357175	1.3010299956639813	1.4584867637982069	0	86.2	47.82608695652174	1.8181818181818183	27.27272727272727
K07037_downstream.h1_5	w/o ref	Conserved sequence (low covariation and power)	1.7323937598229686	1.4913616938342726	1.1182647260894794	0.2658883130601722	81.17	41.509433962264154	7.272727272727273	0
K07071_downstream.h2_3	w/o ref	Conserved sequence (low covariation and power)	1.792391689498254	1.1760912590556811	1.1967287226232868	0.00620829865191589	90.55	42.62295081967213	0.7692307692307693	0
K07079_downstream.h2_2	w/o ref	Conserved sequence (low covariation and power)	1.7323937598229686	1.6812412373755872	0.7888751157754168	0	68.46	26.41509433962264	0	0
K07399_downstream.h2_1.h2_3	has CMsearch ref	Conserved sequence (low covariation and power)	2.096910013008056	1.8260748027008264	1.17435059747938	0	67.82	30.64516129032258	10	0
K07399_downstream.h1_2	has CMsearch ref	High covariation	1.5185139398778875	1.740362689494244	1.1401936785786313	0	80.2	43.75	8.571428571428571	14.285714285714285
K08482_downstream.h2_1.h2_3	w/o ref	Conserved sequence (low covariation and power)	2.05307844348342	1.7993405494535817	0.761927838420529	0	66.88	23.214285714285715	7.6923076923076925	0
K09775_downstream.h2_1	w/o ref	Conserved sequence (low covariation and power)	1.7075701760979365	1.380211241711606	0.7067177823367587	0	90.35	40	0	0
K09919_downstream.h1_3	w/o ref	Conserved sequence (low covariation and power)	1.57978359661681	1.3424226808222062	0.9845273133437926	0	85.83	64.86486486486487	0.8333333333333334	0
K11325_downstream.h2_1	w/o ref	High covariation	1.6232492903979006	1.2041199826559248	0.670245853074124	0.28233271337076055	86.57	24.390243902439025	0	20
K12574_downstream.h1_2	w/o ref	Conserved sequence (low covariation and power)	1.5440680443502757	1.230448921378274	0.9175055095525466	0	89.12	58.82352941176471	0	0
K12574_downstream.h2_3	w/o ref	Conserved sequence (low covariation and power)	1.9344984512435677	1.462397997898956	1.316599302093861	0.6004719164660735	84.89	37.64705882352941	2.5	0
K12574_downstream.h1_4	w/o ref	Conserved sequence (low covariation and power)	1.792391689498254	1.462397997898956	1.500373714353374	0.28963086395070187	80.73	39.34426229508197	4.166666666666666	8.333333333333332
K13005_downstream.h1_1	w/o ref	High covariation	1.568201724066995	1.1139433523068367	1.2024883170600935	0.2957634226565859	59.66	27.77777777777778	4	60
K14441_downstream.h1_2	w/o ref	Conserved sequence (low covariation and power)	1.662757831681574	1.3617278360175928	1.1646502159342966	0.22447038708519068	79.62	26.666666666666668	0	0
K14441_downstream.h1_1	has CMsearch ref	High covariation	1.57978359661681	1.2787536009528289	1.1866738674997452	0.3408960218419913	81.91	43.24324324324324	1.25	25
K18678_downstream.h2_4	w/o ref	Conserved sequence (low covariation and power)	1.8808135922807911	1.7075701760979365	0.9304395947667	0	66.08	13.333333333333334	4	0
K18678_downstream.h2_3	w/o ref	High covariation	1.869231719730976	1.6127838567197357	1.1723109685219542	0	75.13	27.3972602739726	10	10
K19032_downstream.h1_2	w/o ref	Conserved sequence (low covariation and power)	1.6532125137753435	1.3617278360175928	1.3102683666324475	0	81.61	54.54545454545454	2.5	8.333333333333332
K19294_downstream.h2_1	has CMsearch ref	High covariation	1.8573324964312683	1.4471580313422192	1.5817221599490987	0.5808314954122482	58.11	22.535211267605636	21.25	37.5
K21703_downstream.h1_2	w/o ref	High power (low covariation)	1.7242758696007892	1.740362689494244	1.024895960107485	0	76.13	38.46153846153847	12	0
K21703_downstream.h2_1	w/o ref	High power (low covariation)	1.8808135922807911	1.792391689498254	1.1051694279993316	0	75.23	42.66666666666667	20	0
K21703_downstream.h1_1.h1_3	w/o ref	Conserved sequence (low covariation and power)	1.8260748027008264	1.7853298350107671	1.3877456596088638	0	78.39	39.39393939393939	4.615384615384615	0
